Variable1;Valor1;Variable2;Valor2;Variable3;Valor3;PERIODO;VALOR
Tipo de dato;Variación mensual;Grupos especiales 2001;General sin alimentos no elaborados ni productos energéticos;Total Nacional;Total Nacional;2023M04;1,0
Tipo de dato;Variación mensual;Grupos especiales 2001;General sin alimentos no elaborados ni productos energéticos;Total Nacional;Total Nacional;2023M03;0,7
Tipo de dato;Variación mensual;Grupos especiales 2001;General sin alimentos no elaborados ni productos energéticos;Total Nacional;Total Nacional;2023M02;0,7
Tipo de dato;Variación mensual;Grupos especiales 2001;General sin alimentos no elaborados ni productos energéticos;Total Nacional;Total Nacional;2023M01;-0,2
Tipo de dato;Variación mensual;Grupos especiales 2001;General sin alimentos no elaborados ni productos energéticos;Total Nacional;Total Nacional;2022M12;0,9
Tipo de dato;Variación mensual;Grupos especiales 2001;General sin alimentos no elaborados ni productos energéticos;Total Nacional;Total Nacional;2022M11;0,7
Tipo de dato;Variación mensual;Grupos especiales 2001;General sin alimentos no elaborados ni productos energéticos;Total Nacional;Total Nacional;2022M10;1,0
Tipo de dato;Variación mensual;Grupos especiales 2001;General sin alimentos no elaborados ni productos energéticos;Total Nacional;Total Nacional;2022M09;0,2
Tipo de dato;Variación mensual;Grupos especiales 2001;General sin alimentos no elaborados ni productos energéticos;Total Nacional;Total Nacional;2022M08;0,4
Tipo de dato;Variación mensual;Grupos especiales 2001;General sin alimentos no elaborados ni productos energéticos;Total Nacional;Total Nacional;2022M07;-0,3
Tipo de dato;Variación mensual;Grupos especiales 2001;General sin alimentos no elaborados ni productos energéticos;Total Nacional;Total Nacional;2022M06;0,7
Tipo de dato;Variación mensual;Grupos especiales 2001;General sin alimentos no elaborados ni productos energéticos;Total Nacional;Total Nacional;2022M05;0,7
Tipo de dato;Variación mensual;Grupos especiales 2001;General sin alimentos no elaborados ni productos energéticos;Total Nacional;Total Nacional;2022M04;1,8
Tipo de dato;Variación mensual;Grupos especiales 2001;General sin alimentos no elaborados ni productos energéticos;Total Nacional;Total Nacional;2022M03;0,8
Tipo de dato;Variación mensual;Grupos especiales 2001;General sin alimentos no elaborados ni productos energéticos;Total Nacional;Total Nacional;2022M02;0,6
Tipo de dato;Variación mensual;Grupos especiales 2001;General sin alimentos no elaborados ni productos energéticos;Total Nacional;Total Nacional;2022M01;-0,7
Tipo de dato;Variación mensual;Grupos especiales 2001;General sin alimentos no elaborados ni productos energéticos;Total Nacional;Total Nacional;2021M12;0,3
Tipo de dato;Variación mensual;Grupos especiales 2001;General sin alimentos no elaborados ni productos energéticos;Total Nacional;Total Nacional;2021M11;0,6
Tipo de dato;Variación mensual;Grupos especiales 2001;General sin alimentos no elaborados ni productos energéticos;Total Nacional;Total Nacional;2021M10;1,0
Tipo de dato;Variación mensual;Grupos especiales 2001;General sin alimentos no elaborados ni productos energéticos;Total Nacional;Total Nacional;2021M09;0,3
Tipo de dato;Variación mensual;Grupos especiales 2001;General sin alimentos no elaborados ni productos energéticos;Total Nacional;Total Nacional;2021M08;0,1
Tipo de dato;Variación mensual;Grupos especiales 2001;General sin alimentos no elaborados ni productos energéticos;Total Nacional;Total Nacional;2021M07;-0,9
Tipo de dato;Variación mensual;Grupos especiales 2001;General sin alimentos no elaborados ni productos energéticos;Total Nacional;Total Nacional;2021M06;0,1
Tipo de dato;Variación mensual;Grupos especiales 2001;General sin alimentos no elaborados ni productos energéticos;Total Nacional;Total Nacional;2021M05;0,3
Tipo de dato;Variación mensual;Grupos especiales 2001;General sin alimentos no elaborados ni productos energéticos;Total Nacional;Total Nacional;2021M04;0,9
Tipo de dato;Variación mensual;Grupos especiales 2001;General sin alimentos no elaborados ni productos energéticos;Total Nacional;Total Nacional;2021M03;0,4
Tipo de dato;Variación mensual;Grupos especiales 2001;General sin alimentos no elaborados ni productos energéticos;Total Nacional;Total Nacional;2021M02;0,0
Tipo de dato;Variación mensual;Grupos especiales 2001;General sin alimentos no elaborados ni productos energéticos;Total Nacional;Total Nacional;2021M01;-1,0
Tipo de dato;Variación mensual;Grupos especiales 2001;General sin alimentos no elaborados ni productos energéticos;Total Nacional;Total Nacional;2020M12;0,0
Tipo de dato;Variación mensual;Grupos especiales 2001;General sin alimentos no elaborados ni productos energéticos;Total Nacional;Total Nacional;2020M11;0,3
Tipo de dato;Variación mensual;Grupos especiales 2001;General sin alimentos no elaborados ni productos energéticos;Total Nacional;Total Nacional;2020M10;0,6
Tipo de dato;Variación mensual;Grupos especiales 2001;General sin alimentos no elaborados ni productos energéticos;Total Nacional;Total Nacional;2020M09;0,1
Tipo de dato;Variación mensual;Grupos especiales 2001;General sin alimentos no elaborados ni productos energéticos;Total Nacional;Total Nacional;2020M08;0,0
Tipo de dato;Variación mensual;Grupos especiales 2001;General sin alimentos no elaborados ni productos energéticos;Total Nacional;Total Nacional;2020M07;-1,2
Tipo de dato;Variación mensual;Grupos especiales 2001;General sin alimentos no elaborados ni productos energéticos;Total Nacional;Total Nacional;2020M06;0,1
Tipo de dato;Variación mensual;Grupos especiales 2001;General sin alimentos no elaborados ni productos energéticos;Total Nacional;Total Nacional;2020M05;0,1
Tipo de dato;Variación mensual;Grupos especiales 2001;General sin alimentos no elaborados ni productos energéticos;Total Nacional;Total Nacional;2020M04;1,1
Tipo de dato;Variación mensual;Grupos especiales 2001;General sin alimentos no elaborados ni productos energéticos;Total Nacional;Total Nacional;2020M03;0,5
Tipo de dato;Variación mensual;Grupos especiales 2001;General sin alimentos no elaborados ni productos energéticos;Total Nacional;Total Nacional;2020M02;0,3
Tipo de dato;Variación mensual;Grupos especiales 2001;General sin alimentos no elaborados ni productos energéticos;Total Nacional;Total Nacional;2020M01;-1,5
Tipo de dato;Variación mensual;Grupos especiales 2001;General sin alimentos no elaborados ni productos energéticos;Total Nacional;Total Nacional;2019M12;0,0
Tipo de dato;Variación mensual;Grupos especiales 2001;General sin alimentos no elaborados ni productos energéticos;Total Nacional;Total Nacional;2019M11;0,3
Tipo de dato;Variación mensual;Grupos especiales 2001;General sin alimentos no elaborados ni productos energéticos;Total Nacional;Total Nacional;2019M10;0,8
Tipo de dato;Variación mensual;Grupos especiales 2001;General sin alimentos no elaborados ni productos energéticos;Total Nacional;Total Nacional;2019M09;0,1
Tipo de dato;Variación mensual;Grupos especiales 2001;General sin alimentos no elaborados ni productos energéticos;Total Nacional;Total Nacional;2019M08;0,2
Tipo de dato;Variación mensual;Grupos especiales 2001;General sin alimentos no elaborados ni productos energéticos;Total Nacional;Total Nacional;2019M07;-0,8
Tipo de dato;Variación mensual;Grupos especiales 2001;General sin alimentos no elaborados ni productos energéticos;Total Nacional;Total Nacional;2019M06;0,2
Tipo de dato;Variación mensual;Grupos especiales 2001;General sin alimentos no elaborados ni productos energéticos;Total Nacional;Total Nacional;2019M05;0,1
Tipo de dato;Variación mensual;Grupos especiales 2001;General sin alimentos no elaborados ni productos energéticos;Total Nacional;Total Nacional;2019M04;1,1
Tipo de dato;Variación mensual;Grupos especiales 2001;General sin alimentos no elaborados ni productos energéticos;Total Nacional;Total Nacional;2019M03;0,5
Tipo de dato;Variación mensual;Grupos especiales 2001;General sin alimentos no elaborados ni productos energéticos;Total Nacional;Total Nacional;2019M02;0,1
Tipo de dato;Variación mensual;Grupos especiales 2001;General sin alimentos no elaborados ni productos energéticos;Total Nacional;Total Nacional;2019M01;-1,5
Tipo de dato;Variación mensual;Grupos especiales 2001;General sin alimentos no elaborados ni productos energéticos;Total Nacional;Total Nacional;2018M12;0,0
Tipo de dato;Variación mensual;Grupos especiales 2001;General sin alimentos no elaborados ni productos energéticos;Total Nacional;Total Nacional;2018M11;0,2
Tipo de dato;Variación mensual;Grupos especiales 2001;General sin alimentos no elaborados ni productos energéticos;Total Nacional;Total Nacional;2018M10;0,8
Tipo de dato;Variación mensual;Grupos especiales 2001;General sin alimentos no elaborados ni productos energéticos;Total Nacional;Total Nacional;2018M09;0,0
Tipo de dato;Variación mensual;Grupos especiales 2001;General sin alimentos no elaborados ni productos energéticos;Total Nacional;Total Nacional;2018M08;0,1
Tipo de dato;Variación mensual;Grupos especiales 2001;General sin alimentos no elaborados ni productos energéticos;Total Nacional;Total Nacional;2018M07;-0,8
Tipo de dato;Variación mensual;Grupos especiales 2001;General sin alimentos no elaborados ni productos energéticos;Total Nacional;Total Nacional;2018M06;0,1
Tipo de dato;Variación mensual;Grupos especiales 2001;General sin alimentos no elaborados ni productos energéticos;Total Nacional;Total Nacional;2018M05;0,4
Tipo de dato;Variación mensual;Grupos especiales 2001;General sin alimentos no elaborados ni productos energéticos;Total Nacional;Total Nacional;2018M04;0,8
Tipo de dato;Variación mensual;Grupos especiales 2001;General sin alimentos no elaborados ni productos energéticos;Total Nacional;Total Nacional;2018M03;0,5
Tipo de dato;Variación mensual;Grupos especiales 2001;General sin alimentos no elaborados ni productos energéticos;Total Nacional;Total Nacional;2018M02;0,3
Tipo de dato;Variación mensual;Grupos especiales 2001;General sin alimentos no elaborados ni productos energéticos;Total Nacional;Total Nacional;2018M01;-1,4
Tipo de dato;Variación mensual;Grupos especiales 2001;General sin alimentos no elaborados ni productos energéticos;Total Nacional;Total Nacional;2017M12;0,0
Tipo de dato;Variación mensual;Grupos especiales 2001;General sin alimentos no elaborados ni productos energéticos;Total Nacional;Total Nacional;2017M11;0,4
Tipo de dato;Variación mensual;Grupos especiales 2001;General sin alimentos no elaborados ni productos energéticos;Total Nacional;Total Nacional;2017M10;0,6
Tipo de dato;Variación mensual;Grupos especiales 2001;General sin alimentos no elaborados ni productos energéticos;Total Nacional;Total Nacional;2017M09;0,0
Tipo de dato;Variación mensual;Grupos especiales 2001;General sin alimentos no elaborados ni productos energéticos;Total Nacional;Total Nacional;2017M08;0,2
Tipo de dato;Variación mensual;Grupos especiales 2001;General sin alimentos no elaborados ni productos energéticos;Total Nacional;Total Nacional;2017M07;-0,7
Tipo de dato;Variación mensual;Grupos especiales 2001;General sin alimentos no elaborados ni productos energéticos;Total Nacional;Total Nacional;2017M06;0,2
Tipo de dato;Variación mensual;Grupos especiales 2001;General sin alimentos no elaborados ni productos energéticos;Total Nacional;Total Nacional;2017M05;0,1
Tipo de dato;Variación mensual;Grupos especiales 2001;General sin alimentos no elaborados ni productos energéticos;Total Nacional;Total Nacional;2017M04;1,2
Tipo de dato;Variación mensual;Grupos especiales 2001;General sin alimentos no elaborados ni productos energéticos;Total Nacional;Total Nacional;2017M03;0,5
Tipo de dato;Variación mensual;Grupos especiales 2001;General sin alimentos no elaborados ni productos energéticos;Total Nacional;Total Nacional;2017M02;0,0
Tipo de dato;Variación mensual;Grupos especiales 2001;General sin alimentos no elaborados ni productos energéticos;Total Nacional;Total Nacional;2017M01;-1,5
Tipo de dato;Variación mensual;Grupos especiales 2001;General sin alimentos no elaborados ni productos energéticos;Total Nacional;Total Nacional;2016M12;0,1
Tipo de dato;Variación mensual;Grupos especiales 2001;General sin alimentos no elaborados ni productos energéticos;Total Nacional;Total Nacional;2016M11;0,5
Tipo de dato;Variación mensual;Grupos especiales 2001;General sin alimentos no elaborados ni productos energéticos;Total Nacional;Total Nacional;2016M10;0,8
Tipo de dato;Variación mensual;Grupos especiales 2001;General sin alimentos no elaborados ni productos energéticos;Total Nacional;Total Nacional;2016M09;0,0
Tipo de dato;Variación mensual;Grupos especiales 2001;General sin alimentos no elaborados ni productos energéticos;Total Nacional;Total Nacional;2016M08;0,3
Tipo de dato;Variación mensual;Grupos especiales 2001;General sin alimentos no elaborados ni productos energéticos;Total Nacional;Total Nacional;2016M07;-0,9
Tipo de dato;Variación mensual;Grupos especiales 2001;General sin alimentos no elaborados ni productos energéticos;Total Nacional;Total Nacional;2016M06;0,0
Tipo de dato;Variación mensual;Grupos especiales 2001;General sin alimentos no elaborados ni productos energéticos;Total Nacional;Total Nacional;2016M05;0,3
Tipo de dato;Variación mensual;Grupos especiales 2001;General sin alimentos no elaborados ni productos energéticos;Total Nacional;Total Nacional;2016M04;0,8
Tipo de dato;Variación mensual;Grupos especiales 2001;General sin alimentos no elaborados ni productos energéticos;Total Nacional;Total Nacional;2016M03;0,6
Tipo de dato;Variación mensual;Grupos especiales 2001;General sin alimentos no elaborados ni productos energéticos;Total Nacional;Total Nacional;2016M02;0,1
Tipo de dato;Variación mensual;Grupos especiales 2001;General sin alimentos no elaborados ni productos energéticos;Total Nacional;Total Nacional;2016M01;-1,6
Tipo de dato;Variación mensual;Grupos especiales 2001;General sin alimentos no elaborados ni productos energéticos;Total Nacional;Total Nacional;2015M12;0,0
Tipo de dato;Variación mensual;Grupos especiales 2001;General sin alimentos no elaborados ni productos energéticos;Total Nacional;Total Nacional;2015M11;0,4
Tipo de dato;Variación mensual;Grupos especiales 2001;General sin alimentos no elaborados ni productos energéticos;Total Nacional;Total Nacional;2015M10;0,9
Tipo de dato;Variación mensual;Grupos especiales 2001;General sin alimentos no elaborados ni productos energéticos;Total Nacional;Total Nacional;2015M09;0,1
Tipo de dato;Variación mensual;Grupos especiales 2001;General sin alimentos no elaborados ni productos energéticos;Total Nacional;Total Nacional;2015M08;0,1
Tipo de dato;Variación mensual;Grupos especiales 2001;General sin alimentos no elaborados ni productos energéticos;Total Nacional;Total Nacional;2015M07;-1,0
Tipo de dato;Variación mensual;Grupos especiales 2001;General sin alimentos no elaborados ni productos energéticos;Total Nacional;Total Nacional;2015M06;0,1
Tipo de dato;Variación mensual;Grupos especiales 2001;General sin alimentos no elaborados ni productos energéticos;Total Nacional;Total Nacional;2015M05;0,3
Tipo de dato;Variación mensual;Grupos especiales 2001;General sin alimentos no elaborados ni productos energéticos;Total Nacional;Total Nacional;2015M04;1,1
Tipo de dato;Variación mensual;Grupos especiales 2001;General sin alimentos no elaborados ni productos energéticos;Total Nacional;Total Nacional;2015M03;0,5
Tipo de dato;Variación mensual;Grupos especiales 2001;General sin alimentos no elaborados ni productos energéticos;Total Nacional;Total Nacional;2015M02;0,0
Tipo de dato;Variación mensual;Grupos especiales 2001;General sin alimentos no elaborados ni productos energéticos;Total Nacional;Total Nacional;2015M01;-1,5
Tipo de dato;Variación mensual;Grupos especiales 2001;General sin alimentos no elaborados ni productos energéticos;Total Nacional;Total Nacional;2014M12;0,0
Tipo de dato;Variación mensual;Grupos especiales 2001;General sin alimentos no elaborados ni productos energéticos;Total Nacional;Total Nacional;2014M11;0,4
Tipo de dato;Variación mensual;Grupos especiales 2001;General sin alimentos no elaborados ni productos energéticos;Total Nacional;Total Nacional;2014M10;0,8
Tipo de dato;Variación mensual;Grupos especiales 2001;General sin alimentos no elaborados ni productos energéticos;Total Nacional;Total Nacional;2014M09;0,0
Tipo de dato;Variación mensual;Grupos especiales 2001;General sin alimentos no elaborados ni productos energéticos;Total Nacional;Total Nacional;2014M08;0,1
Tipo de dato;Variación mensual;Grupos especiales 2001;General sin alimentos no elaborados ni productos energéticos;Total Nacional;Total Nacional;2014M07;-1,1
Tipo de dato;Variación mensual;Grupos especiales 2001;General sin alimentos no elaborados ni productos energéticos;Total Nacional;Total Nacional;2014M06;0,0
Tipo de dato;Variación mensual;Grupos especiales 2001;General sin alimentos no elaborados ni productos energéticos;Total Nacional;Total Nacional;2014M05;0,1
Tipo de dato;Variación mensual;Grupos especiales 2001;General sin alimentos no elaborados ni productos energéticos;Total Nacional;Total Nacional;2014M04;1,0
Tipo de dato;Variación mensual;Grupos especiales 2001;General sin alimentos no elaborados ni productos energéticos;Total Nacional;Total Nacional;2014M03;0,5
Tipo de dato;Variación mensual;Grupos especiales 2001;General sin alimentos no elaborados ni productos energéticos;Total Nacional;Total Nacional;2014M02;0,0
Tipo de dato;Variación mensual;Grupos especiales 2001;General sin alimentos no elaborados ni productos energéticos;Total Nacional;Total Nacional;2014M01;-1,7
Tipo de dato;Variación mensual;Grupos especiales 2001;General sin alimentos no elaborados ni productos energéticos;Total Nacional;Total Nacional;2013M12;-0,1
Tipo de dato;Variación mensual;Grupos especiales 2001;General sin alimentos no elaborados ni productos energéticos;Total Nacional;Total Nacional;2013M11;0,4
Tipo de dato;Variación mensual;Grupos especiales 2001;General sin alimentos no elaborados ni productos energéticos;Total Nacional;Total Nacional;2013M10;0,8
Tipo de dato;Variación mensual;Grupos especiales 2001;General sin alimentos no elaborados ni productos energéticos;Total Nacional;Total Nacional;2013M09;0,0
Tipo de dato;Variación mensual;Grupos especiales 2001;General sin alimentos no elaborados ni productos energéticos;Total Nacional;Total Nacional;2013M08;0,1
Tipo de dato;Variación mensual;Grupos especiales 2001;General sin alimentos no elaborados ni productos energéticos;Total Nacional;Total Nacional;2013M07;-1,0
Tipo de dato;Variación mensual;Grupos especiales 2001;General sin alimentos no elaborados ni productos energéticos;Total Nacional;Total Nacional;2013M06;0,0
Tipo de dato;Variación mensual;Grupos especiales 2001;General sin alimentos no elaborados ni productos energéticos;Total Nacional;Total Nacional;2013M05;0,3
Tipo de dato;Variación mensual;Grupos especiales 2001;General sin alimentos no elaborados ni productos energéticos;Total Nacional;Total Nacional;2013M04;0,8
Tipo de dato;Variación mensual;Grupos especiales 2001;General sin alimentos no elaborados ni productos energéticos;Total Nacional;Total Nacional;2013M03;0,6
Tipo de dato;Variación mensual;Grupos especiales 2001;General sin alimentos no elaborados ni productos energéticos;Total Nacional;Total Nacional;2013M02;0,0
Tipo de dato;Variación mensual;Grupos especiales 2001;General sin alimentos no elaborados ni productos energéticos;Total Nacional;Total Nacional;2013M01;-1,6
Tipo de dato;Variación mensual;Grupos especiales 2001;General sin alimentos no elaborados ni productos energéticos;Total Nacional;Total Nacional;2012M12;0,0
Tipo de dato;Variación mensual;Grupos especiales 2001;General sin alimentos no elaborados ni productos energéticos;Total Nacional;Total Nacional;2012M11;0,2
Tipo de dato;Variación mensual;Grupos especiales 2001;General sin alimentos no elaborados ni productos energéticos;Total Nacional;Total Nacional;2012M10;1,3
Tipo de dato;Variación mensual;Grupos especiales 2001;General sin alimentos no elaborados ni productos energéticos;Total Nacional;Total Nacional;2012M09;0,9
Tipo de dato;Variación mensual;Grupos especiales 2001;General sin alimentos no elaborados ni productos energéticos;Total Nacional;Total Nacional;2012M08;0,2
Tipo de dato;Variación mensual;Grupos especiales 2001;General sin alimentos no elaborados ni productos energéticos;Total Nacional;Total Nacional;2012M07;-0,7
Tipo de dato;Variación mensual;Grupos especiales 2001;General sin alimentos no elaborados ni productos energéticos;Total Nacional;Total Nacional;2012M06;0,0
Tipo de dato;Variación mensual;Grupos especiales 2001;General sin alimentos no elaborados ni productos energéticos;Total Nacional;Total Nacional;2012M05;0,2
Tipo de dato;Variación mensual;Grupos especiales 2001;General sin alimentos no elaborados ni productos energéticos;Total Nacional;Total Nacional;2012M04;1,2
Tipo de dato;Variación mensual;Grupos especiales 2001;General sin alimentos no elaborados ni productos energéticos;Total Nacional;Total Nacional;2012M03;0,5
Tipo de dato;Variación mensual;Grupos especiales 2001;General sin alimentos no elaborados ni productos energéticos;Total Nacional;Total Nacional;2012M02;0,0
Tipo de dato;Variación mensual;Grupos especiales 2001;General sin alimentos no elaborados ni productos energéticos;Total Nacional;Total Nacional;2012M01;-1,7
Tipo de dato;Variación mensual;Grupos especiales 2001;General sin alimentos no elaborados ni productos energéticos;Total Nacional;Total Nacional;2011M12;0,2
Tipo de dato;Variación mensual;Grupos especiales 2001;General sin alimentos no elaborados ni productos energéticos;Total Nacional;Total Nacional;2011M11;0,4
Tipo de dato;Variación mensual;Grupos especiales 2001;General sin alimentos no elaborados ni productos energéticos;Total Nacional;Total Nacional;2011M10;1,0
Tipo de dato;Variación mensual;Grupos especiales 2001;General sin alimentos no elaborados ni productos energéticos;Total Nacional;Total Nacional;2011M09;0,2
Tipo de dato;Variación mensual;Grupos especiales 2001;General sin alimentos no elaborados ni productos energéticos;Total Nacional;Total Nacional;2011M08;0,2
Tipo de dato;Variación mensual;Grupos especiales 2001;General sin alimentos no elaborados ni productos energéticos;Total Nacional;Total Nacional;2011M07;-0,9
Tipo de dato;Variación mensual;Grupos especiales 2001;General sin alimentos no elaborados ni productos energéticos;Total Nacional;Total Nacional;2011M06;-0,1
Tipo de dato;Variación mensual;Grupos especiales 2001;General sin alimentos no elaborados ni productos energéticos;Total Nacional;Total Nacional;2011M05;0,1
Tipo de dato;Variación mensual;Grupos especiales 2001;General sin alimentos no elaborados ni productos energéticos;Total Nacional;Total Nacional;2011M04;1,3
Tipo de dato;Variación mensual;Grupos especiales 2001;General sin alimentos no elaborados ni productos energéticos;Total Nacional;Total Nacional;2011M03;0,5
Tipo de dato;Variación mensual;Grupos especiales 2001;General sin alimentos no elaborados ni productos energéticos;Total Nacional;Total Nacional;2011M02;0,1
Tipo de dato;Variación mensual;Grupos especiales 2001;General sin alimentos no elaborados ni productos energéticos;Total Nacional;Total Nacional;2011M01;-1,5
Tipo de dato;Variación mensual;Grupos especiales 2001;General sin alimentos no elaborados ni productos energéticos;Total Nacional;Total Nacional;2010M12;0,3
Tipo de dato;Variación mensual;Grupos especiales 2001;General sin alimentos no elaborados ni productos energéticos;Total Nacional;Total Nacional;2010M11;0,5
Tipo de dato;Variación mensual;Grupos especiales 2001;General sin alimentos no elaborados ni productos energéticos;Total Nacional;Total Nacional;2010M10;0,9
Tipo de dato;Variación mensual;Grupos especiales 2001;General sin alimentos no elaborados ni productos energéticos;Total Nacional;Total Nacional;2010M09;0,0
Tipo de dato;Variación mensual;Grupos especiales 2001;General sin alimentos no elaborados ni productos energéticos;Total Nacional;Total Nacional;2010M08;0,3
Tipo de dato;Variación mensual;Grupos especiales 2001;General sin alimentos no elaborados ni productos energéticos;Total Nacional;Total Nacional;2010M07;-0,7
Tipo de dato;Variación mensual;Grupos especiales 2001;General sin alimentos no elaborados ni productos energéticos;Total Nacional;Total Nacional;2010M06;0,2
Tipo de dato;Variación mensual;Grupos especiales 2001;General sin alimentos no elaborados ni productos energéticos;Total Nacional;Total Nacional;2010M05;0,2
Tipo de dato;Variación mensual;Grupos especiales 2001;General sin alimentos no elaborados ni productos energéticos;Total Nacional;Total Nacional;2010M04;0,9
Tipo de dato;Variación mensual;Grupos especiales 2001;General sin alimentos no elaborados ni productos energéticos;Total Nacional;Total Nacional;2010M03;0,5
Tipo de dato;Variación mensual;Grupos especiales 2001;General sin alimentos no elaborados ni productos energéticos;Total Nacional;Total Nacional;2010M02;-0,1
Tipo de dato;Variación mensual;Grupos especiales 2001;General sin alimentos no elaborados ni productos energéticos;Total Nacional;Total Nacional;2010M01;-1,6
Tipo de dato;Variación mensual;Grupos especiales 2001;General sin alimentos no elaborados ni productos energéticos;Total Nacional;Total Nacional;2009M12;0,0
Tipo de dato;Variación mensual;Grupos especiales 2001;General sin alimentos no elaborados ni productos energéticos;Total Nacional;Total Nacional;2009M11;0,4
Tipo de dato;Variación mensual;Grupos especiales 2001;General sin alimentos no elaborados ni productos energéticos;Total Nacional;Total Nacional;2009M10;0,9
Tipo de dato;Variación mensual;Grupos especiales 2001;General sin alimentos no elaborados ni productos energéticos;Total Nacional;Total Nacional;2009M09;-0,1
Tipo de dato;Variación mensual;Grupos especiales 2001;General sin alimentos no elaborados ni productos energéticos;Total Nacional;Total Nacional;2009M08;0,1
Tipo de dato;Variación mensual;Grupos especiales 2001;General sin alimentos no elaborados ni productos energéticos;Total Nacional;Total Nacional;2009M07;-1,1
Tipo de dato;Variación mensual;Grupos especiales 2001;General sin alimentos no elaborados ni productos energéticos;Total Nacional;Total Nacional;2009M06;0,0
Tipo de dato;Variación mensual;Grupos especiales 2001;General sin alimentos no elaborados ni productos energéticos;Total Nacional;Total Nacional;2009M05;-0,1
Tipo de dato;Variación mensual;Grupos especiales 2001;General sin alimentos no elaborados ni productos energéticos;Total Nacional;Total Nacional;2009M04;1,2
Tipo de dato;Variación mensual;Grupos especiales 2001;General sin alimentos no elaborados ni productos energéticos;Total Nacional;Total Nacional;2009M03;0,4
Tipo de dato;Variación mensual;Grupos especiales 2001;General sin alimentos no elaborados ni productos energéticos;Total Nacional;Total Nacional;2009M02;-0,1
Tipo de dato;Variación mensual;Grupos especiales 2001;General sin alimentos no elaborados ni productos energéticos;Total Nacional;Total Nacional;2009M01;-1,4
Tipo de dato;Variación mensual;Grupos especiales 2001;General sin alimentos no elaborados ni productos energéticos;Total Nacional;Total Nacional;2008M12;0,0
Tipo de dato;Variación mensual;Grupos especiales 2001;General sin alimentos no elaborados ni productos energéticos;Total Nacional;Total Nacional;2008M11;0,3
Tipo de dato;Variación mensual;Grupos especiales 2001;General sin alimentos no elaborados ni productos energéticos;Total Nacional;Total Nacional;2008M10;0,9
Tipo de dato;Variación mensual;Grupos especiales 2001;General sin alimentos no elaborados ni productos energéticos;Total Nacional;Total Nacional;2008M09;0,2
Tipo de dato;Variación mensual;Grupos especiales 2001;General sin alimentos no elaborados ni productos energéticos;Total Nacional;Total Nacional;2008M08;0,3
Tipo de dato;Variación mensual;Grupos especiales 2001;General sin alimentos no elaborados ni productos energéticos;Total Nacional;Total Nacional;2008M07;-0,9
Tipo de dato;Variación mensual;Grupos especiales 2001;General sin alimentos no elaborados ni productos energéticos;Total Nacional;Total Nacional;2008M06;0,2
Tipo de dato;Variación mensual;Grupos especiales 2001;General sin alimentos no elaborados ni productos energéticos;Total Nacional;Total Nacional;2008M05;0,3
Tipo de dato;Variación mensual;Grupos especiales 2001;General sin alimentos no elaborados ni productos energéticos;Total Nacional;Total Nacional;2008M04;1,1
Tipo de dato;Variación mensual;Grupos especiales 2001;General sin alimentos no elaborados ni productos energéticos;Total Nacional;Total Nacional;2008M03;0,7
Tipo de dato;Variación mensual;Grupos especiales 2001;General sin alimentos no elaborados ni productos energéticos;Total Nacional;Total Nacional;2008M02;0,3
Tipo de dato;Variación mensual;Grupos especiales 2001;General sin alimentos no elaborados ni productos energéticos;Total Nacional;Total Nacional;2008M01;-1,0
Tipo de dato;Variación mensual;Grupos especiales 2001;General sin alimentos no elaborados ni productos energéticos;Total Nacional;Total Nacional;2007M12;0,2
Tipo de dato;Variación mensual;Grupos especiales 2001;General sin alimentos no elaborados ni productos energéticos;Total Nacional;Total Nacional;2007M11;0,5
Tipo de dato;Variación mensual;Grupos especiales 2001;General sin alimentos no elaborados ni productos energéticos;Total Nacional;Total Nacional;2007M10;1,4
Tipo de dato;Variación mensual;Grupos especiales 2001;General sin alimentos no elaborados ni productos energéticos;Total Nacional;Total Nacional;2007M09;0,3
Tipo de dato;Variación mensual;Grupos especiales 2001;General sin alimentos no elaborados ni productos energéticos;Total Nacional;Total Nacional;2007M08;0,2
Tipo de dato;Variación mensual;Grupos especiales 2001;General sin alimentos no elaborados ni productos energéticos;Total Nacional;Total Nacional;2007M07;-1,0
Tipo de dato;Variación mensual;Grupos especiales 2001;General sin alimentos no elaborados ni productos energéticos;Total Nacional;Total Nacional;2007M06;0,1
Tipo de dato;Variación mensual;Grupos especiales 2001;General sin alimentos no elaborados ni productos energéticos;Total Nacional;Total Nacional;2007M05;0,2
Tipo de dato;Variación mensual;Grupos especiales 2001;General sin alimentos no elaborados ni productos energéticos;Total Nacional;Total Nacional;2007M04;1,3
Tipo de dato;Variación mensual;Grupos especiales 2001;General sin alimentos no elaborados ni productos energéticos;Total Nacional;Total Nacional;2007M03;0,6
Tipo de dato;Variación mensual;Grupos especiales 2001;General sin alimentos no elaborados ni productos energéticos;Total Nacional;Total Nacional;2007M02;0,2
Tipo de dato;Variación mensual;Grupos especiales 2001;General sin alimentos no elaborados ni productos energéticos;Total Nacional;Total Nacional;2007M01;-0,8
Tipo de dato;Variación mensual;Grupos especiales 2001;General sin alimentos no elaborados ni productos energéticos;Total Nacional;Total Nacional;2006M12;0,1
Tipo de dato;Variación mensual;Grupos especiales 2001;General sin alimentos no elaborados ni productos energéticos;Total Nacional;Total Nacional;2006M11;0,3
Tipo de dato;Variación mensual;Grupos especiales 2001;General sin alimentos no elaborados ni productos energéticos;Total Nacional;Total Nacional;2006M10;0,9
Tipo de dato;Variación mensual;Grupos especiales 2001;General sin alimentos no elaborados ni productos energéticos;Total Nacional;Total Nacional;2006M09;0,2
Tipo de dato;Variación mensual;Grupos especiales 2001;General sin alimentos no elaborados ni productos energéticos;Total Nacional;Total Nacional;2006M08;0,1
Tipo de dato;Variación mensual;Grupos especiales 2001;General sin alimentos no elaborados ni productos energéticos;Total Nacional;Total Nacional;2006M07;-1,0
Tipo de dato;Variación mensual;Grupos especiales 2001;General sin alimentos no elaborados ni productos energéticos;Total Nacional;Total Nacional;2006M06;0,1
Tipo de dato;Variación mensual;Grupos especiales 2001;General sin alimentos no elaborados ni productos energéticos;Total Nacional;Total Nacional;2006M05;0,2
Tipo de dato;Variación mensual;Grupos especiales 2001;General sin alimentos no elaborados ni productos energéticos;Total Nacional;Total Nacional;2006M04;1,4
Tipo de dato;Variación mensual;Grupos especiales 2001;General sin alimentos no elaborados ni productos energéticos;Total Nacional;Total Nacional;2006M03;0,9
Tipo de dato;Variación mensual;Grupos especiales 2001;General sin alimentos no elaborados ni productos energéticos;Total Nacional;Total Nacional;2006M02;0,1
Tipo de dato;Variación mensual;Grupos especiales 2001;General sin alimentos no elaborados ni productos energéticos;Total Nacional;Total Nacional;2006M01;-1,0
Tipo de dato;Variación mensual;Grupos especiales 2001;General sin alimentos no elaborados ni productos energéticos;Total Nacional;Total Nacional;2005M12;0,3
Tipo de dato;Variación mensual;Grupos especiales 2001;General sin alimentos no elaborados ni productos energéticos;Total Nacional;Total Nacional;2005M11;0,5
Tipo de dato;Variación mensual;Grupos especiales 2001;General sin alimentos no elaborados ni productos energéticos;Total Nacional;Total Nacional;2005M10;1,1
Tipo de dato;Variación mensual;Grupos especiales 2001;General sin alimentos no elaborados ni productos energéticos;Total Nacional;Total Nacional;2005M09;0,3
Tipo de dato;Variación mensual;Grupos especiales 2001;General sin alimentos no elaborados ni productos energéticos;Total Nacional;Total Nacional;2005M08;0,2
Tipo de dato;Variación mensual;Grupos especiales 2001;General sin alimentos no elaborados ni productos energéticos;Total Nacional;Total Nacional;2005M07;-1,1
Tipo de dato;Variación mensual;Grupos especiales 2001;General sin alimentos no elaborados ni productos energéticos;Total Nacional;Total Nacional;2005M06;0,1
Tipo de dato;Variación mensual;Grupos especiales 2001;General sin alimentos no elaborados ni productos energéticos;Total Nacional;Total Nacional;2005M05;0,3
Tipo de dato;Variación mensual;Grupos especiales 2001;General sin alimentos no elaborados ni productos energéticos;Total Nacional;Total Nacional;2005M04;1,3
Tipo de dato;Variación mensual;Grupos especiales 2001;General sin alimentos no elaborados ni productos energéticos;Total Nacional;Total Nacional;2005M03;0,7
Tipo de dato;Variación mensual;Grupos especiales 2001;General sin alimentos no elaborados ni productos energéticos;Total Nacional;Total Nacional;2005M02;0,2
Tipo de dato;Variación mensual;Grupos especiales 2001;General sin alimentos no elaborados ni productos energéticos;Total Nacional;Total Nacional;2005M01;-1,0
Tipo de dato;Variación mensual;Grupos especiales 2001;General sin alimentos no elaborados ni productos energéticos;Total Nacional;Total Nacional;2004M12;0,1
Tipo de dato;Variación mensual;Grupos especiales 2001;General sin alimentos no elaborados ni productos energéticos;Total Nacional;Total Nacional;2004M11;0,4
Tipo de dato;Variación mensual;Grupos especiales 2001;General sin alimentos no elaborados ni productos energéticos;Total Nacional;Total Nacional;2004M10;0,9
Tipo de dato;Variación mensual;Grupos especiales 2001;General sin alimentos no elaborados ni productos energéticos;Total Nacional;Total Nacional;2004M09;0,2
Tipo de dato;Variación mensual;Grupos especiales 2001;General sin alimentos no elaborados ni productos energéticos;Total Nacional;Total Nacional;2004M08;0,3
Tipo de dato;Variación mensual;Grupos especiales 2001;General sin alimentos no elaborados ni productos energéticos;Total Nacional;Total Nacional;2004M07;-1,0
Tipo de dato;Variación mensual;Grupos especiales 2001;General sin alimentos no elaborados ni productos energéticos;Total Nacional;Total Nacional;2004M06;0,2
Tipo de dato;Variación mensual;Grupos especiales 2001;General sin alimentos no elaborados ni productos energéticos;Total Nacional;Total Nacional;2004M05;0,4
Tipo de dato;Variación mensual;Grupos especiales 2001;General sin alimentos no elaborados ni productos energéticos;Total Nacional;Total Nacional;2004M04;1,5
Tipo de dato;Variación mensual;Grupos especiales 2001;General sin alimentos no elaborados ni productos energéticos;Total Nacional;Total Nacional;2004M03;0,6
Tipo de dato;Variación mensual;Grupos especiales 2001;General sin alimentos no elaborados ni productos energéticos;Total Nacional;Total Nacional;2004M02;0,2
Tipo de dato;Variación mensual;Grupos especiales 2001;General sin alimentos no elaborados ni productos energéticos;Total Nacional;Total Nacional;2004M01;-1,0
Tipo de dato;Variación mensual;Grupos especiales 2001;General sin alimentos no elaborados ni productos energéticos;Total Nacional;Total Nacional;2003M12;0,1
Tipo de dato;Variación mensual;Grupos especiales 2001;General sin alimentos no elaborados ni productos energéticos;Total Nacional;Total Nacional;2003M11;0,4
Tipo de dato;Variación mensual;Grupos especiales 2001;General sin alimentos no elaborados ni productos energéticos;Total Nacional;Total Nacional;2003M10;1,0
Tipo de dato;Variación mensual;Grupos especiales 2001;General sin alimentos no elaborados ni productos energéticos;Total Nacional;Total Nacional;2003M09;0,2
Tipo de dato;Variación mensual;Grupos especiales 2001;General sin alimentos no elaborados ni productos energéticos;Total Nacional;Total Nacional;2003M08;0,2
Tipo de dato;Variación mensual;Grupos especiales 2001;General sin alimentos no elaborados ni productos energéticos;Total Nacional;Total Nacional;2003M07;-1,0
Tipo de dato;Variación mensual;Grupos especiales 2001;General sin alimentos no elaborados ni productos energéticos;Total Nacional;Total Nacional;2003M06;0,1
Tipo de dato;Variación mensual;Grupos especiales 2001;General sin alimentos no elaborados ni productos energéticos;Total Nacional;Total Nacional;2003M05;0,1
Tipo de dato;Variación mensual;Grupos especiales 2001;General sin alimentos no elaborados ni productos energéticos;Total Nacional;Total Nacional;2003M04;1,3
Tipo de dato;Variación mensual;Grupos especiales 2001;General sin alimentos no elaborados ni productos energéticos;Total Nacional;Total Nacional;2003M03;0,6
Tipo de dato;Variación mensual;Grupos especiales 2001;General sin alimentos no elaborados ni productos energéticos;Total Nacional;Total Nacional;2003M02;0,3
Tipo de dato;Variación mensual;Grupos especiales 2001;General sin alimentos no elaborados ni productos energéticos;Total Nacional;Total Nacional;2003M01;-0,8
Tipo de dato;Variación mensual;Grupos especiales 2001;General sin alimentos no elaborados ni productos energéticos;Total Nacional;Total Nacional;2002M12;0,2
Tipo de dato;Variación mensual;Grupos especiales 2001;General sin alimentos no elaborados ni productos energéticos;Total Nacional;Total Nacional;2002M11;0,4
Tipo de dato;Variación mensual;Grupos especiales 2001;General sin alimentos no elaborados ni productos energéticos;Total Nacional;Total Nacional;2002M10;1,1
Tipo de dato;Variación mensual;Grupos especiales 2001;General sin alimentos no elaborados ni productos energéticos;Total Nacional;Total Nacional;2002M09;0,3
Tipo de dato;Variación mensual;Grupos especiales 2001;General sin alimentos no elaborados ni productos energéticos;Total Nacional;Total Nacional;2002M08;0,2
Tipo de dato;Variación mensual;Grupos especiales 2001;General sin alimentos no elaborados ni productos energéticos;Total Nacional;Total Nacional;2002M07;-1,0
Tipo de dato;Variación mensual;Grupos especiales 2001;General sin alimentos no elaborados ni productos energéticos;Total Nacional;Total Nacional;2002M06;0,2
Tipo de dato;Variación mensual;Grupos especiales 2001;General sin alimentos no elaborados ni productos energéticos;Total Nacional;Total Nacional;2002M05;0,4
Tipo de dato;Variación mensual;Grupos especiales 2001;General sin alimentos no elaborados ni productos energéticos;Total Nacional;Total Nacional;2002M04;1,3
Tipo de dato;Variación mensual;Grupos especiales 2001;General sin alimentos no elaborados ni productos energéticos;Total Nacional;Total Nacional;2002M03;0,7
Tipo de dato;Variación mensual;Grupos especiales 2001;General sin alimentos no elaborados ni productos energéticos;Total Nacional;Total Nacional;2002M02;0,1
Tipo de dato;Variación mensual;Grupos especiales 2001;General sin alimentos no elaborados ni productos energéticos;Total Nacional;Total Nacional;2002M01;-0,5
